{
  "results": [
    {
      "command": "./target/release/baseline 10-90_unlikely.txt",
      "mean": 0.02232059569000001,
      "stddev": 0.0009547862190726742,
      "median": 0.022276064360000004,
      "user": 0.01864651,
      "system": 0.0022188899999999994,
      "min": 0.020660903860000003,
      "max": 0.025905623860000004,
      "times": [
        0.022992351860000003,
        0.022013929860000003,
        0.02202055186,
        0.022965603860000003,
        0.023060779860000005,
        0.02299416386,
        0.02208100986,
        0.023134253860000002,
        0.022537274860000005,
        0.023588346860000005,
        0.02143226586,
        0.023708196860000003,
        0.021228546860000003,
        0.02274098786,
        0.021670710860000005,
        0.023466883860000003,
        0.02195336186,
        0.023208982860000005,
        0.024550001860000004,
        0.02391921786,
        0.02141959586,
        0.022586939860000002,
        0.021516314860000003,
        0.02184793586,
        0.02245051286,
        0.022792828860000003,
        0.02347718486,
        0.02122523986,
        0.022206660860000005,
        0.021670067860000003,
        0.022965994860000005,
        0.022370130860000004,
        0.02280543786,
        0.021302868860000004,
        0.023461090860000006,
        0.022607247860000006,
        0.021158422860000005,
        0.022220137860000003,
        0.022493591860000002,
        0.02256202986,
        0.021793362860000005,
        0.022680283860000004,
        0.021854271860000003,
        0.020934868860000004,
        0.023086305860000003,
        0.020660903860000003,
        0.022866780860000005,
        0.02166311286,
        0.022323130860000005,
        0.02105095186,
        0.021125230860000004,
        0.02394282786,
        0.020920844860000003,
        0.020837568860000003,
        0.02234188386,
        0.021652135860000005,
        0.023763775860000003,
        0.02129479586,
        0.022533626860000003,
        0.021820439860000006,
        0.023116504860000005,
        0.022175341860000003,
        0.02265238086,
        0.02085855886,
        0.022776043860000005,
        0.021207057860000003,
        0.020954407860000003,
        0.022066419860000006,
        0.022215837860000004,
        0.02167471486,
        0.021184273860000005,
        0.022429454860000003,
        0.021730682860000003,
        0.02105123086,
        0.022834340860000003,
        0.021654302860000002,
        0.02123005386,
        0.021703039860000002,
        0.02102287186,
        0.022228997860000002,
        0.025905623860000004,
        0.022404310860000005,
        0.021858057860000002,
        0.022583838860000004,
        0.02215276686,
        0.022214256860000003,
        0.022419291860000003,
        0.02282435286,
        0.02205359086,
        0.022988353860000005,
        0.023153099860000005,
        0.025351426860000005,
        0.02275887586,
        0.022662501860000003,
        0.021921584860000003,
        0.02297047386,
        0.022081438860000004,
        0.023420542860000004,
        0.021112204860000004,
        0.022901693860000003
      ],
      "exit_codes": [
        0,
        0,
        0,
        0,
        0,
        0,
        0,
        0,
        0,
        0,
        0,
        0,
        0,
        0,
        0,
        0,
        0,
        0,
        0,
        0,
        0,
        0,
        0,
        0,
        0,
        0,
        0,
        0,
        0,
        0,
        0,
        0,
        0,
        0,
        0,
        0,
        0,
        0,
        0,
        0,
        0,
        0,
        0,
        0,
        0,
        0,
        0,
        0,
        0,
        0,
        0,
        0,
        0,
        0,
        0,
        0,
        0,
        0,
        0,
        0,
        0,
        0,
        0,
        0,
        0,
        0,
        0,
        0,
        0,
        0,
        0,
        0,
        0,
        0,
        0,
        0,
        0,
        0,
        0,
        0,
        0,
        0,
        0,
        0,
        0,
        0,
        0,
        0,
        0,
        0,
        0,
        0,
        0,
        0,
        0,
        0,
        0,
        0,
        0,
        0
      ]
    }
  ]
}
