{
  "results": [
    {
      "command": "./target/release/baseline 90-10_likely.txt",
      "mean": 0.022680930279999997,
      "stddev": 0.0011089293275487707,
      "median": 0.02243891664,
      "user": 0.019611760000000002,
      "system": 0.0015480399999999999,
      "min": 0.02109215264,
      "max": 0.027517380640000002,
      "times": [
        0.02296839964,
        0.027124008640000002,
        0.025015009640000002,
        0.02286428464,
        0.021904967640000002,
        0.02261453064,
        0.02263881564,
        0.02238447764,
        0.02140761564,
        0.02244355164,
        0.02192381064,
        0.02240723664,
        0.02314787364,
        0.022252659640000002,
        0.02202075764,
        0.02273228364,
        0.02200859264,
        0.022686785640000002,
        0.02182822064,
        0.02283474764,
        0.02210952864,
        0.02208470464,
        0.02267894664,
        0.02452016164,
        0.027517380640000002,
        0.02202143864,
        0.02212352964,
        0.022937332640000002,
        0.022148145640000002,
        0.022868814640000002,
        0.02269082464,
        0.02323692364,
        0.02438752464,
        0.02329832164,
        0.02211085964,
        0.02202745964,
        0.02263884764,
        0.02226350064,
        0.02118339964,
        0.022432526640000002,
        0.02206924064,
        0.02528021964,
        0.02246658264,
        0.02264134464,
        0.02234462864,
        0.02109215264,
        0.02224292764,
        0.02201328564,
        0.02307824664,
        0.02213849264,
        0.021300030640000002,
        0.022960857640000002,
        0.021767924640000002,
        0.022310281640000002,
        0.02252293664,
        0.023412714640000002,
        0.02243428164,
        0.02233130764,
        0.02214372364,
        0.02252629464,
        0.02262789664,
        0.02210702964,
        0.02189597864,
        0.02309329064,
        0.02159571264,
        0.02313997464,
        0.02156542264,
        0.02273040964,
        0.02201717164,
        0.02202988964,
        0.02224811964,
        0.02234569064,
        0.022536467640000002,
        0.02213113464,
        0.02265712864,
        0.02179727964,
        0.02292022364,
        0.02191320564,
        0.02268195564,
        0.02199984564,
        0.02258310664,
        0.02225060864,
        0.02234535064,
        0.02208245964,
        0.022761795640000002,
        0.02260191964,
        0.02294830564,
        0.024267566640000002,
        0.02385927464,
        0.02656231664,
        0.02360782664,
        0.02556114064,
        0.02195450064,
        0.02303645864,
        0.021809371640000002,
        0.02257260964,
        0.02297591764,
        0.02146052664,
        0.02363030064,
        0.02162156664
      ],
      "exit_codes": [
        0,
        0,
        0,
        0,
        0,
        0,
        0,
        0,
        0,
        0,
        0,
        0,
        0,
        0,
        0,
        0,
        0,
        0,
        0,
        0,
        0,
        0,
        0,
        0,
        0,
        0,
        0,
        0,
        0,
        0,
        0,
        0,
        0,
        0,
        0,
        0,
        0,
        0,
        0,
        0,
        0,
        0,
        0,
        0,
        0,
        0,
        0,
        0,
        0,
        0,
        0,
        0,
        0,
        0,
        0,
        0,
        0,
        0,
        0,
        0,
        0,
        0,
        0,
        0,
        0,
        0,
        0,
        0,
        0,
        0,
        0,
        0,
        0,
        0,
        0,
        0,
        0,
        0,
        0,
        0,
        0,
        0,
        0,
        0,
        0,
        0,
        0,
        0,
        0,
        0,
        0,
        0,
        0,
        0,
        0,
        0,
        0,
        0,
        0,
        0
      ]
    }
  ]
}
