{
  "results": [
    {
      "command": "./target/release/baseline 50-50.txt",
      "mean": 0.02398323256,
      "stddev": 0.000664074927838143,
      "median": 0.023960920820000002,
      "user": 0.020996919999999995,
      "system": 0.0015312600000000002,
      "min": 0.02254188532,
      "max": 0.02638819232,
      "times": [
        0.02389904832,
        0.023520025320000002,
        0.02405216732,
        0.024932782320000003,
        0.02325967932,
        0.024891684320000003,
        0.02323035332,
        0.02407850632,
        0.02369007932,
        0.02481730232,
        0.023473285320000002,
        0.024095675320000003,
        0.02349966532,
        0.02455021732,
        0.02391901432,
        0.02482816532,
        0.02278394932,
        0.02413686832,
        0.02414723132,
        0.02400272632,
        0.024317637320000002,
        0.024586805320000002,
        0.02254188532,
        0.024448666320000003,
        0.02395461632,
        0.02390959532,
        0.023467926320000002,
        0.02424825832,
        0.02346884032,
        0.02312605532,
        0.02367564732,
        0.02311734532,
        0.02325708732,
        0.02400025932,
        0.02441636132,
        0.02457146932,
        0.023130569320000002,
        0.02443389332,
        0.02364063732,
        0.02451482932,
        0.02506528032,
        0.02437477532,
        0.02487440532,
        0.02325259832,
        0.02499624732,
        0.022883641320000002,
        0.02454263832,
        0.02349797832,
        0.02371746732,
        0.02347637232,
        0.02377384632,
        0.02388592032,
        0.02411121432,
        0.023029014320000003,
        0.02416874332,
        0.023926795320000003,
        0.023437079320000002,
        0.024532122320000002,
        0.02421897132,
        0.02638819232,
        0.02462619732,
        0.02543652332,
        0.024386278320000003,
        0.02410930332,
        0.02367905432,
        0.024323653320000003,
        0.023687672320000002,
        0.02463813032,
        0.02401653732,
        0.024498750320000002,
        0.02381541032,
        0.02436530732,
        0.02368781432,
        0.023855003320000002,
        0.02396722532,
        0.024244846320000003,
        0.024995763320000003,
        0.023488340320000002,
        0.024979774320000002,
        0.023413587320000002,
        0.02438662032,
        0.02354006632,
        0.02448329432,
        0.024266059320000002,
        0.025118278320000003,
        0.022652115320000003,
        0.02292756932,
        0.023947348320000002,
        0.023607533320000002,
        0.024391980320000003,
        0.023838911320000003,
        0.023324634320000003,
        0.02348728132,
        0.02461196232,
        0.02393157832,
        0.022850722320000003,
        0.02408962932,
        0.02333599432,
        0.022729169320000003,
        0.023797220320000003
      ],
      "exit_codes": [
        0,
        0,
        0,
        0,
        0,
        0,
        0,
        0,
        0,
        0,
        0,
        0,
        0,
        0,
        0,
        0,
        0,
        0,
        0,
        0,
        0,
        0,
        0,
        0,
        0,
        0,
        0,
        0,
        0,
        0,
        0,
        0,
        0,
        0,
        0,
        0,
        0,
        0,
        0,
        0,
        0,
        0,
        0,
        0,
        0,
        0,
        0,
        0,
        0,
        0,
        0,
        0,
        0,
        0,
        0,
        0,
        0,
        0,
        0,
        0,
        0,
        0,
        0,
        0,
        0,
        0,
        0,
        0,
        0,
        0,
        0,
        0,
        0,
        0,
        0,
        0,
        0,
        0,
        0,
        0,
        0,
        0,
        0,
        0,
        0,
        0,
        0,
        0,
        0,
        0,
        0,
        0,
        0,
        0,
        0,
        0,
        0,
        0,
        0,
        0
      ]
    }
  ]
}
