{
  "results": [
    {
      "command": "./target/release/likely 90-10_likely.txt",
      "mean": 0.02259591947,
      "stddev": 0.0006003510558525763,
      "median": 0.022647881460000005,
      "user": 0.019695230000000005,
      "system": 0.0014600199999999992,
      "min": 0.021395373960000002,
      "max": 0.025092726960000002,
      "times": [
        0.022665616960000003,
        0.022925273960000003,
        0.022182328960000004,
        0.022479541960000002,
        0.021878623960000003,
        0.02234302696,
        0.022072666960000004,
        0.023008067960000003,
        0.02210219496,
        0.022864782960000003,
        0.022418149960000005,
        0.023536050960000002,
        0.021886188960000004,
        0.022706689960000002,
        0.022913572960000003,
        0.022919500960000002,
        0.022746305960000004,
        0.02264577196,
        0.023007811960000003,
        0.022966920960000005,
        0.022702602960000002,
        0.023248105960000005,
        0.02257207296,
        0.022255338960000003,
        0.023510397960000002,
        0.022571428960000004,
        0.023594499960000005,
        0.022873569960000003,
        0.023258916960000004,
        0.021975987960000002,
        0.022704333960000003,
        0.022027187960000003,
        0.022889691960000003,
        0.021904755960000005,
        0.021711550960000003,
        0.022533654960000003,
        0.02219057996,
        0.023537968960000002,
        0.02150235396,
        0.023160466960000004,
        0.021734584960000004,
        0.022999831960000005,
        0.022377146960000004,
        0.02161646496,
        0.023117508960000005,
        0.021447298960000003,
        0.022615807960000005,
        0.022300898960000003,
        0.022874086960000005,
        0.022302547960000002,
        0.02309304796,
        0.022012410960000003,
        0.022086446960000002,
        0.023268805960000003,
        0.021803736960000004,
        0.022905311960000004,
        0.022125988960000002,
        0.023145513960000003,
        0.022357629960000003,
        0.022638022960000004,
        0.022005405960000002,
        0.022987827960000002,
        0.022528217960000003,
        0.022680050960000003,
        0.022708873960000004,
        0.023270588960000005,
        0.021701872960000004,
        0.022798749960000003,
        0.022565562960000004,
        0.022912004960000003,
        0.021951977960000004,
        0.023145771960000002,
        0.022201860960000003,
        0.022666278960000005,
        0.022229031960000003,
        0.022998334960000002,
        0.022693508960000004,
        0.022802904960000002,
        0.022880221960000002,
        0.023416127960000005,
        0.021993411960000004,
        0.02252129896,
        0.023017176960000003,
        0.022254182960000004,
        0.023945692960000004,
        0.021998383960000003,
        0.025092726960000002,
        0.021975064960000002,
        0.02311443696,
        0.021753252960000004,
        0.022837557960000004,
        0.021633554960000002,
        0.022649990960000005,
        0.022431261960000004,
        0.022910018960000004,
        0.022427122960000004,
        0.023413899960000005,
        0.021395373960000002,
        0.023170513960000003,
        0.022094190960000003
      ],
      "exit_codes": [
        0,
        0,
        0,
        0,
        0,
        0,
        0,
        0,
        0,
        0,
        0,
        0,
        0,
        0,
        0,
        0,
        0,
        0,
        0,
        0,
        0,
        0,
        0,
        0,
        0,
        0,
        0,
        0,
        0,
        0,
        0,
        0,
        0,
        0,
        0,
        0,
        0,
        0,
        0,
        0,
        0,
        0,
        0,
        0,
        0,
        0,
        0,
        0,
        0,
        0,
        0,
        0,
        0,
        0,
        0,
        0,
        0,
        0,
        0,
        0,
        0,
        0,
        0,
        0,
        0,
        0,
        0,
        0,
        0,
        0,
        0,
        0,
        0,
        0,
        0,
        0,
        0,
        0,
        0,
        0,
        0,
        0,
        0,
        0,
        0,
        0,
        0,
        0,
        0,
        0,
        0,
        0,
        0,
        0,
        0,
        0,
        0,
        0,
        0,
        0
      ]
    }
  ]
}
