{
  "results": [
    {
      "command": "./target/release/likely 10-90_unlikely.txt",
      "mean": 0.020935065460000003,
      "stddev": 0.0006782920940415592,
      "median": 0.02094802616,
      "user": 0.017937349999999994,
      "system": 0.00159255,
      "min": 0.019352953160000002,
      "max": 0.023082616160000003,
      "times": [
        0.02276338216,
        0.022176044160000002,
        0.02041665016,
        0.020770904160000003,
        0.021551105160000004,
        0.021562306160000003,
        0.02020653416,
        0.021705052160000002,
        0.02023767916,
        0.022434026160000002,
        0.019839808160000003,
        0.021764307160000003,
        0.021967919160000002,
        0.02060419016,
        0.02107272316,
        0.021011078160000002,
        0.02021810816,
        0.02054638216,
        0.02000250216,
        0.02028891316,
        0.020537891160000002,
        0.021248217160000003,
        0.02028627716,
        0.020861544160000002,
        0.02071927716,
        0.02058602416,
        0.020629074160000004,
        0.020364006160000003,
        0.02014903616,
        0.01993220516,
        0.02044521816,
        0.02001981816,
        0.01993950116,
        0.02100689316,
        0.021012064160000003,
        0.021152910160000003,
        0.02099038916,
        0.02098246616,
        0.021817858160000002,
        0.020692794160000003,
        0.020787977160000002,
        0.02104441216,
        0.022548536160000004,
        0.021831244160000002,
        0.021731929160000003,
        0.020910650160000002,
        0.020761552160000002,
        0.021930859160000003,
        0.021168196160000003,
        0.020495854160000004,
        0.020983967160000002,
        0.021752338160000002,
        0.021462044160000002,
        0.021058093160000003,
        0.021183021160000003,
        0.020639716160000002,
        0.021006278160000003,
        0.020766580160000003,
        0.021007206160000003,
        0.019352953160000002,
        0.022073988160000002,
        0.02075121116,
        0.021509896160000003,
        0.02055227416,
        0.01969812216,
        0.02125406716,
        0.021120125160000003,
        0.021072529160000002,
        0.021083423160000003,
        0.021204073160000003,
        0.023082616160000003,
        0.020420945160000002,
        0.02110026916,
        0.02047118216,
        0.021594273160000003,
        0.019846250160000002,
        0.02029023216,
        0.020853456160000002,
        0.02023879316,
        0.021531899160000003,
        0.020197772160000002,
        0.019884790160000002,
        0.02068898216,
        0.020926740160000002,
        0.020973635160000004,
        0.020932974160000003,
        0.020206005160000002,
        0.02111438816,
        0.020270271160000002,
        0.02183213116,
        0.021008517160000004,
        0.021258005160000003,
        0.021358912160000004,
        0.021321509160000002,
        0.02110256316,
        0.02061366716,
        0.020963078160000002,
        0.02060471016,
        0.02079258116,
        0.020769198160000002
      ],
      "exit_codes": [
        0,
        0,
        0,
        0,
        0,
        0,
        0,
        0,
        0,
        0,
        0,
        0,
        0,
        0,
        0,
        0,
        0,
        0,
        0,
        0,
        0,
        0,
        0,
        0,
        0,
        0,
        0,
        0,
        0,
        0,
        0,
        0,
        0,
        0,
        0,
        0,
        0,
        0,
        0,
        0,
        0,
        0,
        0,
        0,
        0,
        0,
        0,
        0,
        0,
        0,
        0,
        0,
        0,
        0,
        0,
        0,
        0,
        0,
        0,
        0,
        0,
        0,
        0,
        0,
        0,
        0,
        0,
        0,
        0,
        0,
        0,
        0,
        0,
        0,
        0,
        0,
        0,
        0,
        0,
        0,
        0,
        0,
        0,
        0,
        0,
        0,
        0,
        0,
        0,
        0,
        0,
        0,
        0,
        0,
        0,
        0,
        0,
        0,
        0,
        0
      ]
    }
  ]
}
