{
  "results": [
    {
      "command": "./target/release/likely 50-50.txt",
      "mean": 0.024055979490000004,
      "stddev": 0.0007906195968060536,
      "median": 0.023997855520000003,
      "user": 0.02106386,
      "system": 0.0015735100000000004,
      "min": 0.022499737520000004,
      "max": 0.026699040520000005,
      "times": [
        0.023915653520000003,
        0.024336013520000005,
        0.023552111520000002,
        0.024599518520000002,
        0.023476641520000004,
        0.024216877520000003,
        0.023306014520000005,
        0.024162646520000004,
        0.023667658520000003,
        0.025600233520000005,
        0.023958817520000005,
        0.025106639520000005,
        0.022499737520000004,
        0.023773312520000003,
        0.023586792520000004,
        0.024355094520000002,
        0.023878486520000002,
        0.024958333520000004,
        0.023546114520000005,
        0.025282708520000002,
        0.023745292520000003,
        0.024794679520000005,
        0.024361123520000003,
        0.022592815520000004,
        0.024383610520000005,
        0.023682072520000003,
        0.024634628520000004,
        0.022964635520000002,
        0.024371429520000005,
        0.023520776520000005,
        0.023819571520000003,
        0.024208608520000004,
        0.025065775520000003,
        0.023132546520000002,
        0.024918590520000002,
        0.023129211520000005,
        0.024388355520000002,
        0.025158562520000004,
        0.025328772520000004,
        0.023330034520000004,
        0.025037126520000005,
        0.022963296520000002,
        0.024423102520000003,
        0.023808287520000002,
        0.024862622520000002,
        0.022827050520000003,
        0.024051506520000005,
        0.023584783520000003,
        0.023472567520000005,
        0.024202508520000002,
        0.023715990520000004,
        0.024035108520000004,
        0.023862604520000004,
        0.025456709520000002,
        0.025011757520000004,
        0.025018922520000004,
        0.024162515520000004,
        0.024043658520000004,
        0.023934571520000003,
        0.023700254520000002,
        0.024440290520000005,
        0.024416209520000003,
        0.024752916520000005,
        0.023009042520000002,
        0.022856930520000002,
        0.026699040520000005,
        0.023262524520000005,
        0.024589686520000004,
        0.022764846520000003,
        0.023913169520000003,
        0.024945025520000004,
        0.025196145520000005,
        0.024897477520000003,
        0.023967042520000002,
        0.023159912520000003,
        0.025738545520000003,
        0.023384141520000002,
        0.024731997520000003,
        0.023098653520000005,
        0.024752931520000004,
        0.023635808520000003,
        0.023477899520000005,
        0.024429616520000003,
        0.024309632520000003,
        0.023933420520000002,
        0.023884489520000003,
        0.023281352520000003,
        0.024398887520000002,
        0.023638540520000004,
        0.024028668520000004,
        0.022613498520000004,
        0.022512100520000005,
        0.023922265520000003,
        0.024475116520000003,
        0.022884703520000004,
        0.023864799520000004,
        0.024393396520000003,
        0.024162095520000003,
        0.023402145520000004,
        0.024287535520000004
      ],
      "exit_codes": [
        0,
        0,
        0,
        0,
        0,
        0,
        0,
        0,
        0,
        0,
        0,
        0,
        0,
        0,
        0,
        0,
        0,
        0,
        0,
        0,
        0,
        0,
        0,
        0,
        0,
        0,
        0,
        0,
        0,
        0,
        0,
        0,
        0,
        0,
        0,
        0,
        0,
        0,
        0,
        0,
        0,
        0,
        0,
        0,
        0,
        0,
        0,
        0,
        0,
        0,
        0,
        0,
        0,
        0,
        0,
        0,
        0,
        0,
        0,
        0,
        0,
        0,
        0,
        0,
        0,
        0,
        0,
        0,
        0,
        0,
        0,
        0,
        0,
        0,
        0,
        0,
        0,
        0,
        0,
        0,
        0,
        0,
        0,
        0,
        0,
        0,
        0,
        0,
        0,
        0,
        0,
        0,
        0,
        0,
        0,
        0,
        0,
        0,
        0,
        0
      ]
    }
  ]
}
