{
  "results": [
    {
      "command": "./target/release/unlikely 50-50.txt",
      "mean": 0.024150722910000005,
      "stddev": 0.0008454184560514598,
      "median": 0.0240470209,
      "user": 0.021123729999999997,
      "system": 0.00159773,
      "min": 0.022865670400000003,
      "max": 0.028896460400000004,
      "times": [
        0.0239462704,
        0.0239464534,
        0.0231276854,
        0.024180040400000002,
        0.023512477400000002,
        0.0242520454,
        0.023911299400000002,
        0.0250352834,
        0.0233212024,
        0.0241016234,
        0.023844954400000003,
        0.0238814494,
        0.0255237074,
        0.025559483400000003,
        0.024456886400000002,
        0.024243634400000002,
        0.0238531384,
        0.024820758400000004,
        0.023541214400000003,
        0.0262977214,
        0.023292999400000004,
        0.023606273400000002,
        0.023964708400000003,
        0.024326554400000002,
        0.0235200014,
        0.024008471400000002,
        0.0240453124,
        0.023734448400000004,
        0.0230850254,
        0.024181124400000004,
        0.0245469294,
        0.024117955400000002,
        0.023344255400000003,
        0.0241067914,
        0.023995722400000002,
        0.024790716400000003,
        0.024494620400000004,
        0.023562329400000002,
        0.0247364914,
        0.024734458400000003,
        0.023759176400000002,
        0.023366818400000003,
        0.024126168400000002,
        0.028896460400000004,
        0.0249930974,
        0.0233708024,
        0.0240228814,
        0.023663881400000003,
        0.0229366904,
        0.0243360694,
        0.024149980400000003,
        0.022865670400000003,
        0.024230561400000003,
        0.0236462914,
        0.023836888400000002,
        0.0240680854,
        0.0234006094,
        0.0238521184,
        0.023635728400000004,
        0.024360671400000002,
        0.024074780400000002,
        0.024536021400000003,
        0.023076051400000002,
        0.0256900094,
        0.0247966984,
        0.023925273400000002,
        0.024217049400000003,
        0.024708852400000002,
        0.0232202144,
        0.0244139474,
        0.023503203400000002,
        0.0243127354,
        0.024380644400000002,
        0.0249962544,
        0.023066526400000002,
        0.024048729400000003,
        0.0236569384,
        0.0239985604,
        0.0239972664,
        0.0244485384,
        0.0245273784,
        0.027248899400000002,
        0.0244562024,
        0.0247932114,
        0.023022672400000003,
        0.025160640400000003,
        0.0240356554,
        0.0243774964,
        0.023716434400000003,
        0.0247363334,
        0.0231210604,
        0.0240692514,
        0.023780907400000002,
        0.024525425400000002,
        0.023852668400000002,
        0.0241474024,
        0.023863827400000003,
        0.0236651044,
        0.0235467694,
        0.0242854864
      ],
      "exit_codes": [
        0,
        0,
        0,
        0,
        0,
        0,
        0,
        0,
        0,
        0,
        0,
        0,
        0,
        0,
        0,
        0,
        0,
        0,
        0,
        0,
        0,
        0,
        0,
        0,
        0,
        0,
        0,
        0,
        0,
        0,
        0,
        0,
        0,
        0,
        0,
        0,
        0,
        0,
        0,
        0,
        0,
        0,
        0,
        0,
        0,
        0,
        0,
        0,
        0,
        0,
        0,
        0,
        0,
        0,
        0,
        0,
        0,
        0,
        0,
        0,
        0,
        0,
        0,
        0,
        0,
        0,
        0,
        0,
        0,
        0,
        0,
        0,
        0,
        0,
        0,
        0,
        0,
        0,
        0,
        0,
        0,
        0,
        0,
        0,
        0,
        0,
        0,
        0,
        0,
        0,
        0,
        0,
        0,
        0,
        0,
        0,
        0,
        0,
        0,
        0
      ]
    }
  ]
}
