{
  "results": [
    {
      "command": "./target/release/unlikely 10-90_unlikely.txt",
      "mean": 0.02122947912,
      "stddev": 0.0006991631245312375,
      "median": 0.021221602720000003,
      "user": 0.018089960000000002,
      "system": 0.0017163700000000007,
      "min": 0.019705398720000003,
      "max": 0.02306500972,
      "times": [
        0.020975201720000003,
        0.020725071720000002,
        0.020975438720000003,
        0.02171310572,
        0.021024381720000002,
        0.02138840472,
        0.021309679720000002,
        0.02143838672,
        0.02112034872,
        0.02116768272,
        0.022895651720000004,
        0.020004802720000003,
        0.02306500972,
        0.020639445720000003,
        0.022263930720000002,
        0.02034704072,
        0.02193599372,
        0.02099997772,
        0.021361065720000003,
        0.02033696372,
        0.02101312472,
        0.02136648772,
        0.02300494272,
        0.019826602720000003,
        0.022258055720000003,
        0.02046521772,
        0.02044174572,
        0.020786309720000003,
        0.020330341720000002,
        0.02117342472,
        0.021324418720000002,
        0.02103301272,
        0.019864985720000002,
        0.020994212720000002,
        0.02095214072,
        0.02094268472,
        0.021720952720000002,
        0.021487212720000003,
        0.021971242720000003,
        0.02063593872,
        0.020284069720000002,
        0.022192286720000003,
        0.02010375072,
        0.021648543720000003,
        0.02061587372,
        0.021269780720000003,
        0.021395609720000004,
        0.022014351720000002,
        0.02168036472,
        0.02151503872,
        0.02103857472,
        0.020877259720000003,
        0.021845516720000003,
        0.019705398720000003,
        0.020493998720000003,
        0.021607369720000002,
        0.022428998720000003,
        0.021674403720000002,
        0.021010321720000003,
        0.021028335720000003,
        0.02078224172,
        0.02145317172,
        0.020909394720000002,
        0.021412578720000002,
        0.020882334720000003,
        0.021106419720000002,
        0.02165193772,
        0.021687731720000002,
        0.021422459720000002,
        0.020178769720000003,
        0.02164074472,
        0.02267170472,
        0.021151515720000003,
        0.02098147272,
        0.021916928720000003,
        0.02180286072,
        0.02064243572,
        0.021711565720000003,
        0.02184449972,
        0.021497698720000003,
        0.02146267072,
        0.021373391720000003,
        0.021512551720000002,
        0.02138640772,
        0.020842147720000002,
        0.020232959720000002,
        0.020608210720000002,
        0.020570197720000002,
        0.020719671720000003,
        0.02034855072,
        0.021525665720000003,
        0.021436707720000003,
        0.020289202720000003,
        0.02089911972,
        0.02237817472,
        0.022252474720000002,
        0.02210937072,
        0.021965605720000003,
        0.02048611372,
        0.02148976072
      ],
      "exit_codes": [
        0,
        0,
        0,
        0,
        0,
        0,
        0,
        0,
        0,
        0,
        0,
        0,
        0,
        0,
        0,
        0,
        0,
        0,
        0,
        0,
        0,
        0,
        0,
        0,
        0,
        0,
        0,
        0,
        0,
        0,
        0,
        0,
        0,
        0,
        0,
        0,
        0,
        0,
        0,
        0,
        0,
        0,
        0,
        0,
        0,
        0,
        0,
        0,
        0,
        0,
        0,
        0,
        0,
        0,
        0,
        0,
        0,
        0,
        0,
        0,
        0,
        0,
        0,
        0,
        0,
        0,
        0,
        0,
        0,
        0,
        0,
        0,
        0,
        0,
        0,
        0,
        0,
        0,
        0,
        0,
        0,
        0,
        0,
        0,
        0,
        0,
        0,
        0,
        0,
        0,
        0,
        0,
        0,
        0,
        0,
        0,
        0,
        0,
        0,
        0
      ]
    }
  ]
}
