{
  "results": [
    {
      "command": "./target/release/unlikely 90-10_likely.txt",
      "mean": 0.02265982345000001,
      "stddev": 0.0006296781193633068,
      "median": 0.022696478540000002,
      "user": 0.019682180000000004,
      "system": 0.0015087400000000002,
      "min": 0.02137792354,
      "max": 0.025177117540000002,
      "times": [
        0.02253297854,
        0.022827311540000002,
        0.022496011540000003,
        0.02341425754,
        0.022009174540000002,
        0.022764705540000003,
        0.02291914854,
        0.02256099554,
        0.022792700540000002,
        0.02288748254,
        0.024113553540000002,
        0.02278437254,
        0.02257237054,
        0.02330260354,
        0.02148576954,
        0.023047684540000002,
        0.02137792354,
        0.02329355354,
        0.021891550540000002,
        0.022949735540000002,
        0.02214693854,
        0.02273684854,
        0.021945283540000003,
        0.02299567854,
        0.02227275054,
        0.02240424354,
        0.023039397540000003,
        0.022472699540000002,
        0.02261142054,
        0.022539727540000002,
        0.02285379254,
        0.02318872554,
        0.02375568154,
        0.02300162654,
        0.02438319954,
        0.02202839854,
        0.023390880540000002,
        0.02184295954,
        0.02301654354,
        0.021900909540000003,
        0.02188262854,
        0.02249229854,
        0.02247069654,
        0.021772211540000003,
        0.02220619554,
        0.023023295540000002,
        0.02310727454,
        0.022275204540000003,
        0.02308730854,
        0.02350981254,
        0.02242811154,
        0.02270829154,
        0.02251095054,
        0.02364515554,
        0.021732407540000002,
        0.022414832540000002,
        0.022201295540000002,
        0.02294395054,
        0.02232039354,
        0.022270907540000003,
        0.022267771540000002,
        0.02318946454,
        0.02275679154,
        0.02213332354,
        0.02291663754,
        0.02227777954,
        0.02252064054,
        0.02228567554,
        0.025177117540000002,
        0.02281401554,
        0.02293961354,
        0.02252115454,
        0.02351636054,
        0.02172290654,
        0.02257918154,
        0.02184580754,
        0.02310844854,
        0.02196965054,
        0.02299823154,
        0.02297055854,
        0.02184592054,
        0.02289566854,
        0.02231627454,
        0.023316067540000002,
        0.022269417540000003,
        0.02304463454,
        0.02265441554,
        0.02300689054,
        0.022767572540000003,
        0.022739731540000002,
        0.02282129754,
        0.02307064954,
        0.02157153354,
        0.02139865154,
        0.02287624954,
        0.022684665540000003,
        0.022796516540000002,
        0.02220044954,
        0.023748671540000002,
        0.02189112354
      ],
      "exit_codes": [
        0,
        0,
        0,
        0,
        0,
        0,
        0,
        0,
        0,
        0,
        0,
        0,
        0,
        0,
        0,
        0,
        0,
        0,
        0,
        0,
        0,
        0,
        0,
        0,
        0,
        0,
        0,
        0,
        0,
        0,
        0,
        0,
        0,
        0,
        0,
        0,
        0,
        0,
        0,
        0,
        0,
        0,
        0,
        0,
        0,
        0,
        0,
        0,
        0,
        0,
        0,
        0,
        0,
        0,
        0,
        0,
        0,
        0,
        0,
        0,
        0,
        0,
        0,
        0,
        0,
        0,
        0,
        0,
        0,
        0,
        0,
        0,
        0,
        0,
        0,
        0,
        0,
        0,
        0,
        0,
        0,
        0,
        0,
        0,
        0,
        0,
        0,
        0,
        0,
        0,
        0,
        0,
        0,
        0,
        0,
        0,
        0,
        0,
        0,
        0
      ]
    }
  ]
}
